,Time,BPM
0,0.011988162994384766,62.78899378536561
1,0.04662799835205078,62.79064136113544
2,0.0795128345489502,62.79063613888863
3,0.11209511756896973,62.97158207948093
4,0.14438724517822266,62.98062536391038
5,0.17906689643859863,62.97375139044757
6,0.21191191673278809,62.97526027900143
7,0.2457129955291748,62.97321692768409
8,0.2797420024871826,63.02597153509903
9,0.3130030632019043,63.03177546544994
10,0.3590731620788574,63.16899946576481
11,0.3911261558532715,63.17331658863628
12,0.42795395851135254,63.35792822204316
13,0.4619441032409668,63.3561736490585
14,0.49571990966796875,63.35319907236063
15,0.5280032157897949,63.35273257561628
16,0.5634481906890869,63.346316616624534
17,0.5968189239501953,63.34797363813763
18,0.6309890747070312,63.3447832513302
19,0.6621809005737305,63.34559244438816
20,0.6977880001068115,63.337462920388965
21,0.7294659614562988,63.39293231202919
22,0.761876106262207,63.40432006573106
23,0.795738935470581,63.5981058165132
24,0.8291699886322021,63.60220183031784
25,0.8752222061157227,63.54264596018836
26,0.90749192237854,63.54299358751874
27,0.9429440498352051,63.73145518746781
28,0.9784400463104248,63.92190124662677
29,1.010728120803833,64.1152693567348
30,1.0466430187225342,64.10542919629246
31,1.080010175704956,64.10362617487095
32,1.1128230094909668,64.09522475223129
33,1.1467468738555908,64.0978857580787
34,1.1804051399230957,64.16125188827894
35,1.2132291793823242,64.16910067648821
36,1.2455480098724365,64.37491980844025
37,1.2789890766143799,64.57459802570455
38,1.3120651245117188,64.58105253361236
39,1.3461720943450928,64.77892999471283
40,1.3794629573822021,64.98159754215015
41,1.4243230819702148,64.91782257042557
42,1.4577970504760742,65.12309302092984
43,1.4943492412567139,65.12224339580658
44,1.5284619331359863,65.11701412536675
45,1.562255859375,65.12223216124269
46,1.5953900814056396,65.33138996948294
47,1.6279289722442627,65.3330379834988
48,1.6618399620056152,65.53122879182733
49,1.6957042217254639,65.53030449501946
50,1.7290890216827393,65.52711373841686
51,1.7618372440338135,65.53268496769402
52,1.794978141784668,65.59448271979298
53,1.8281910419464111,65.80468676236224
54,1.8618462085723877,65.80835633724749
55,1.9094281196594238,65.93295991613397
56,1.9429240226745605,65.92924908480806
57,1.9768798351287842,65.93467584904
58,2.011014938354492,66.14266372697216
59,2.043994903564453,66.14441956766386
60,2.0788838863372803,66.14200024048459
61,2.1133840084075928,66.1345420037278
62,2.146131992340088,66.13007134447331
63,2.17873215675354,66.19267790655972
64,2.213016986846924,66.38926485694756
65,2.245227098464966,66.39403775647563
66,2.2781710624694824,66.39490921313418
67,2.311691999435425,66.39698357637604
68,2.357250213623047,66.34069477553051
69,2.390113115310669,66.34543154227185
70,2.423907995223999,66.35198105416131
71,2.4581210613250732,66.54103240326273
72,2.4914450645446777,66.60713318791466
73,2.525954008102417,66.80523125482543
74,2.559032917022705,66.81138112908201
75,2.5928781032562256,66.8092054132843
76,2.627852201461792,66.7926645574223
77,2.6624159812927246,66.784869818993
78,2.696780204772949,66.77874845093545
79,2.728792190551758,66.77779601083951
80,2.7615089416503906,66.77499791376424
81,2.7949421405792236,66.84613492224096
82,2.82804012298584,67.06460732046692
83,2.86253023147583,67.07089889029925
84,2.895597219467163,67.28485276567496
85,2.9390649795532227,67.22878670973283
86,2.9716098308563232,67.2390387790763
87,3.007473945617676,67.44244331697152
88,3.040032148361206,67.44141311196087
89,3.0747017860412598,67.44163451301412
90,3.1073169708251953,67.44300964190404
91,3.139678955078125,67.4326711915504
92,3.173128128051758,67.4322104400213
93,3.207235813140869,67.50311821202126
94,3.241687059402466,67.71632153880313
95,3.274864912033081,67.72276636222246
96,3.307939052581787,67.94670118294667
97,3.3546650409698486,68.10065623042533
98,3.388231039047241,68.31664613215185
99,3.4217841625213623,68.31618094874808
100,3.4561450481414795,68.30534906694936
101,3.488355875015259,68.29711388217208
102,3.523483991622925,68.29254221146209
103,3.5559780597686768,68.29872183482382
104,3.589365005493164,68.2973285804038
105,3.6222128868103027,68.37495700101383
106,3.6557791233062744,68.60064602619157
107,3.689507246017456,68.83007159797917
108,3.7234740257263184,69.0376627691696
109,3.76882004737854,63.22866275237304
110,3.802328109741211,63.42912154064375
111,3.836167097091675,63.63331126666152
112,3.867465019226074,63.631814925484846
113,3.9027059078216553,63.634349824392054
114,3.9360899925231934,63.63272179052429
115,3.9694669246673584,69.49656041491113
116,4.003293037414551,69.4991498036215
117,4.037352085113525,69.73233869521393
118,4.072375059127808,69.96671673779221
119,4.104247093200684,70.19257023489916
120,4.140064001083374,52.64205026477746
121,4.171341896057129,52.65074972296409
122,4.205831050872803,52.64974979373508
123,4.237048149108887,52.655524694536
124,4.2847020626068115,52.59416359859041
125,4.3172619342803955,52.594931805891314
126,4.351053237915039,52.59474616391496
127,4.387149810791016,52.58906273400305
128,4.419368028640747,52.592279204181814
129,4.455229043960571,52.58829836121481
130,4.488595008850098,52.5874082490233
131,4.522893190383911,64.3383411698585
132,4.55578088760376,64.53612097680357
133,4.590767860412598,64.54337063373376
134,4.623593091964722,64.75840698903305
135,4.654983043670654,64.98036709542235
136,4.689272880554199,64.97913923739243
137,4.722088098526001,64.98503948131798
138,4.754851818084717,64.98314939512825
139,4.802088022232056,64.90832695111878
140,4.834808111190796,64.90316190423673
141,4.867512941360474,64.97207652303618
142,4.903735160827637,64.97294574425591
143,4.937209844589233,64.977662818624
144,4.970765829086304,65.1954310454097
145,5.004842042922974,65.41556505096311
146,5.039370059967041,65.63459329021917
147,5.069921016693115,65.86544260228112
148,5.104872941970825,66.09249599987737
149,5.139587163925171,66.32018118976734
150,5.173678159713745,66.54491640192242
151,5.20586085319519,66.54906296222546
152,5.238961935043335,66.55902993838055
153,5.270208120346069,66.56741993691169
154,5.317093849182129,66.55818817432093
155,5.350399971008301,66.77203026758085
156,5.385998010635376,66.76865463907866
157,5.418972015380859,66.76900571430777
158,5.453996181488037,66.77448973093763
159,5.486947059631348,66.7802017966655
160,5.518237113952637,67.02406758692784
161,5.553347826004028,67.26190644249633
162,5.584248065948486,67.27524342383334
163,5.617887020111084,67.51247402806523
164,5.650261163711548,67.52214536283437
165,5.694994926452637,67.68942098494803
166,5.728888034820557,67.68741500075066
167,5.7630720138549805,67.90349789375185
168,5.796467065811157,67.91936846366642
169,5.8299479484558105,67.99206359908133
170,5.86345911026001,68.22974052326184
171,5.8963611125946045,68.2328585021843
172,5.928851127624512,68.22338772426858
173,5.961889028549194,68.23031902640643
174,5.996148109436035,68.47094107674997
175,6.029026031494141,68.4759273742341
176,6.062768936157227,68.47294804191071
177,6.107090950012207,68.39354682931189
178,6.144278049468994,68.38821096650453
179,6.17696213722229,68.39115420521229
180,6.211879014968872,68.45765742631278
181,6.244642019271851,68.69685892554449
182,6.2779951095581055,68.95090626568027
183,6.309581995010376,62.91940479416915
184,6.346909046173096,63.14070791650917
185,6.378809928894043,63.376235276714404
186,6.412035942077637,63.610128807241075
187,6.444905042648315,63.841407964797725
188,6.477934837341309,64.06953184005081
189,6.511608839035034,64.05784683439235
190,6.545645236968994,64.0576968243517
191,6.593165874481201,64.05558371408866
192,6.660024881362915,64.05450275556427
193,6.694889068603516,51.42607195020836
194,6.72785496711731,51.61647629505312
195,6.761703014373779,51.80391393904995
196,6.797461986541748,51.79749642996957
197,6.830926895141602,51.79248348248954
198,6.864061117172241,51.794270283094576
199,6.896382093429565,51.7922716328749
200,6.929252862930298,64.74635413935758
201,6.962187051773071,64.75097203039998
202,6.9950621128082275,64.75366943671555
203,7.028205156326294,64.84158545716176
204,7.073828935623169,65.01473085066917
205,7.109313011169434,65.24695091005044
206,7.142125129699707,65.49822253560629
207,7.175703048706055,65.73665428965101
208,7.210202932357788,65.96428860414252
209,7.243919849395752,65.95243120769479
210,7.278995990753174,65.94476999104685
211,7.313592195510864,65.93686868792732
212,7.347587823867798,66.01177124597262
213,7.380725145339966,66.262947675945
214,7.412827014923096,66.2670812193207
215,7.44596004486084,66.2771179823383
216,7.478510141372681,66.53423355138698
217,7.51178503036499,66.55313291689247
218,7.545022964477539,66.80577067217837
219,7.578722238540649,53.645329383981164
220,7.626368999481201,53.76908403470508
221,7.659992218017578,53.77242588898879
222,7.6941609382629395,53.77026447896979
223,7.726189136505127,53.763264426726835
224,7.761847019195557,53.75571789969947
225,7.795691013336182,53.821577687842236
226,7.829867124557495,54.0199071275474
227,7.86329197883606,67.78259406442695
228,7.89529824256897,67.79751499868195
229,7.9289870262146,67.80698299872027
230,7.962283134460449,68.05792173679103
231,7.995012998580933,68.05546653963036
232,8.028198003768921,68.05567450673557
233,8.061439037322998,68.05953593218943
234,8.094998121261597,68.14685324437588
235,8.141690015792847,68.32389422965845
236,8.175100088119507,68.32845402058314
237,8.207094192504883,68.33848473407885
238,8.242898941040039,61.74314672421194
239,8.276298999786377,61.754018446720195
240,8.308433055877686,61.99721307036985
241,8.340467929840088,61.99220891958988
242,8.37365198135376,61.98688663871845
243,8.40573000907898,61.9922615192116
244,8.451792001724243,61.91271087006836
245,8.48443603515625,61.99376828176013
246,8.517575025558472,62.244545876068685
247,8.553774118423462,62.48706171031572
248,8.584173202514648,62.74333344303397
249,8.617428064346313,62.743324752400035
250,8.65079402923584,62.75836836743753
251,8.683822870254517,55.78388238287577
252,8.716094017028809,55.78632619168709
253,8.749272108078003,55.783253302927115
254,8.796710968017578,55.71113466184487
255,8.8282630443573,55.707402602329324
256,8.861702919006348,55.707475049778694
257,8.896347999572754,55.710578135498395
258,8.930717945098877,55.707786421812784
259,8.962510824203491,55.778845504361726
260,8.995724201202393,55.78403695014506
261,9.029310941696167,62.76574416407986
262,9.061856031417847,62.77629520980041
263,9.094950914382935,62.780821155732994
264,9.128461837768555,62.780018931650645
265,9.172160148620605,62.717084805641974
266,9.205261945724487,62.71519015259352
267,9.238016128540039,62.728866871842634
268,9.271291017532349,62.72109677699137
269,9.305447101593018,62.7254618984894
270,9.34007716178894,62.7199695522428
271,9.37446904182434,62.709197828644164
272,9.408048868179321,62.70811269974829
273,9.44281816482544,62.70090318899997
274,9.475054264068604,62.77954213138943
275,9.509618043899536,62.77705383879432
276,9.543658018112183,62.779194106574195
277,9.5779390335083,62.780645395557634
278,9.611746072769165,55.80024344318025
279,9.656147003173828,55.75181584159847
280,9.69217324256897,55.7472509270183
281,9.725039958953857,55.74672763827662
282,9.76039719581604,55.73633644863746
283,9.793391942977905,55.73689348973593
284,9.828280210494995,55.726066359290215
285,9.860078811645508,55.72874112392044
286,9.894026041030884,55.723177470018086
287,9.927515029907227,55.722282946783025
288,9.961997985839844,55.72029196454842
289,9.996191024780273,62.675047306717374
290,10.028288125991821,62.76319783131896
291,10.062211036682129,62.761220391645345
292,10.09525203704834,62.76943010322023
293,10.128664255142212,62.775084225365276
294,10.161811113357544,62.77956475313597
295,10.195719957351685,62.7746840539979
296,10.242808818817139,62.686978407501485
297,10.275213956832886,62.69797680556704
298,10.310339212417603,62.69205197597018
299,10.342459917068481,62.69139777960947
300,10.378966093063354,62.67971824786139
301,10.411508083343506,62.67183199468458
302,10.446324110031128,62.66722118177625
303,10.48031210899353,62.66567283605281
304,10.5124990940094,62.75373959700721
305,10.546782970428467,62.754139501387954
306,10.579341888427734,62.76030215068053
307,10.612206220626831,62.763359579918664
308,10.645478010177612,69.74211614956421
309,10.679208040237427,69.75371853587345
310,10.711775064468384,55.81573050479311
311,10.759096145629883,55.73937176320713
312,10.789531946182251,55.74086716681927
313,10.824588060379028,62.70961105560117
314,10.859594106674194,62.70161833728012
315,10.893386125564575,62.690800859033885
316,10.924871921539307,62.69658660879527
317,10.959645986557007,62.766387737171016
318,10.994025945663452,62.76977280101046
319,11.025347232818604,62.77559401627946
320,11.05839204788208,62.77634740845572
321,11.092568159103394,62.771851682524876
322,11.126819849014282,62.7713854443997
323,11.160382986068726,62.76711655614757
324,11.194397926330566,62.7673044167658
325,11.237645864486694,62.70860056905323
326,11.269247055053711,62.72350246915943
327,11.306851863861084,62.72450822477384
328,11.33964204788208,62.71974376479103
329,11.374211072921753,62.712312791248216
330,11.409568071365356,62.70127464747831
331,11.443217992782593,62.69704479417864
332,11.475250959396362,62.70664219299973
333,11.507843971252441,62.70879676062919
334,11.539713144302368,62.787610428115514
335,11.586039066314697,69.67139461507725
336,11.617007970809937,69.68326290519325
337,11.651227951049805,69.67529110457704
338,11.687078952789307,69.66985350015531
339,11.721513032913208,69.66025537418956
340,11.755083084106445,62.69805837957711
341,11.789294242858887,62.689249612787506
342,11.819374084472656,62.70251403143769
343,11.85532021522522,62.70282475302496
344,11.88800597190857,62.700255750864855
345,11.920166015625,62.70611095250257
346,11.954176187515259,62.786684452664744
347,11.988007068634033,62.78417122839667
348,12.021391868591309,62.78354295376662
349,12.054991006851196,62.78718746977486
350,12.09855604171753,62.714835894699455
351,12.134793996810913,62.709124906805314
352,12.168424129486084,62.69964304022562
353,12.203430891036987,62.69668206353123
354,12.234777927398682,62.70077300599537
355,12.271278858184814,62.68906915959596
356,12.303011178970337,62.698771727305186
357,12.336461782455444,62.700649766582444
358,12.36752700805664,62.78498226077746
359,12.402316093444824,62.782185505810595
360,12.435732126235962,62.781070005981164
361,12.470477819442749,69.7490786646564
362,12.504558086395264,69.74591617289293
363,12.537935972213745,69.74133145574146
364,12.570423126220703,69.75063681923119
365,12.61772084236145,69.65665555370536
366,12.650994062423706,69.65866076399084
367,12.684472799301147,69.66443602900637
368,12.718573093414307,62.692466712299456
369,12.751446008682251,62.70195161583772
370,12.787819147109985,62.685982529814204
371,12.82155704498291,62.684424582549276
372,12.855751037597656,62.66587569446283
373,12.888742923736572,62.751274212136224
374,12.923642873764038,62.75230172206116
375,12.956407070159912,62.75736326458277
376,12.989486932754517,62.76305173652614
377,13.023184061050415,62.76008998518813
378,13.054873943328857,62.77725219894043
379,13.100689888000488,62.70739045877184
380,13.131386995315552,62.71762317890584
381,13.16546106338501,62.71557740967409
382,13.199986934661865,62.71182660056185
383,13.232405185699463,62.71787847526487
384,13.267796039581299,62.703538209216674
385,13.300629138946533,62.706008524814315
386,13.337141990661621,62.696338427842065
387,13.366354942321777,62.704786362622706
388,13.399978160858154,55.812765779079065
389,13.43297791481018,55.81652434963277
390,13.479485034942627,55.74539862165071
391,13.54592490196228,55.536078290396624
392,13.579623937606812,55.532614730109216
393,13.612305879592896,55.53933544224355
394,13.646582126617432,55.53801935982252
395,13.67790699005127,62.49131845121959
396,13.71173095703125,62.48898570606946
397,13.745198249816895,62.490620161125804
398,13.777881860733032,62.50059253373551
399,13.8123140335083,62.50094092591304
400,13.845811128616333,62.500275189785754
401,13.892984867095947,62.41020407111672
402,13.924097061157227,62.401702937504936
403,13.959197044372559,62.4840121784176
404,13.993494033813477,62.48089572301052
405,14.027055025100708,62.48902880768955
406,14.0609769821167,62.486135958879935
407,14.094115972518921,62.488875366192936
408,14.129827976226807,62.47936691192685
409,14.162360191345215,62.46998540773636
410,14.195958137512207,62.472675150491774
411,14.228647947311401,62.470448902302294
412,14.262557983398438,62.460710070509336
413,14.294915914535522,62.464444681869374
414,14.329143047332764,62.53769568569053
415,14.362519025802612,62.54376580974328
416,14.396444082260132,62.54701808497815
417,14.442815065383911,62.459936675913156
418,14.476899862289429,62.46479956208641
419,14.510839223861694,62.45619227003597
420,14.544531106948853,62.44746682536115
421,14.58037781715393,62.42898561574228
422,14.614073991775513,62.425907337888816
423,14.646243810653687,62.43229136000773
424,14.68060302734375,62.4298150303889
425,14.712750911712646,62.43202461596611
426,14.745137929916382,62.516657106680256
427,14.778332948684692,62.525690154209535
428,14.812242984771729,62.52342215480816
429,14.845976829528809,62.52971047526159
430,14.878858089447021,62.52953439198138
431,14.912259817123413,62.53182182555137
432,14.957820892333984,62.449534743659235
433,14.99317193031311,62.45687945716453
434,15.02582311630249,62.4576699994074
435,15.059908866882324,62.45096394291477
436,15.095107078552246,62.4401260467135
437,15.128640174865723,62.43617575569806
438,15.163196086883545,62.4273698691666
439,15.195466041564941,62.433527016980555
440,15.228373050689697,62.51972535779802
441,15.261497020721436,62.769327468569585
442,15.29432988166809,62.782222051717426
443,15.327868938446045,62.78109784948829
444,15.36179518699646,62.788458102520266
445,15.395069122314453,62.795013992112516
446,15.443042039871216,62.71217040605233
447,15.474009990692139,62.71353351037509
448,15.508578062057495,62.7086509189866
449,15.543161869049072,62.70156626282552
450,15.578018188476562,62.68909692155782
451,15.609010934829712,62.687948290924005
452,15.642412185668945,62.687299385275786
453,15.678298950195312,62.75812839185792
454,15.710455179214478,62.77124627018225
455,15.744415044784546,62.76558414254922
456,15.778467893600464,62.76264302256388
457,15.810585975646973,62.77170554744193
458,15.84497594833374,62.77224659859341
459,15.878305196762085,62.781082187512496
460,15.912400960922241,62.78759650347037
461,15.958712100982666,62.711288326809566
462,15.98862600326538,62.72210592935936
463,16.02287006378174,62.722425529995235
464,16.05657720565796,62.723511154303004
465,16.090456247329712,62.71420900695911
466,16.124806880950928,62.70584880773087
467,16.159528017044067,62.698922730000845
468,16.193593978881836,62.69346279602443
469,16.2275390625,62.77440741677436
470,16.293297052383423,62.530128245443024
471,16.327872037887573,55.582297855207
472,16.360949993133545,55.586676178564886
473,16.3948712348938,55.587948523136596
474,16.428287982940674,55.5901710451789
475,16.474589109420776,55.53107380677126
476,16.504513025283813,55.53917609949319
477,16.53722906112671,55.54370699948908
478,16.57400393486023,55.536580779962726
479,16.608747005462646,55.529725951902165
480,16.639482021331787,62.468064304710055
481,16.674604177474976,62.46367808545532
482,16.708345890045166,62.459003115967526
483,16.744046926498413,62.44861871299537
484,16.77554702758789,62.53185117484304
485,16.808434009552002,62.54057086072899
486,16.854380130767822,62.46292873411341
487,16.886815071105957,62.46810565456231
488,16.922048091888428,62.45825387678816
489,16.95486807823181,62.44853089943729
490,16.987234115600586,62.44661111572008
491,17.020752906799316,62.4422709456723
492,17.057027101516724,62.428868604661446
493,17.09210991859436,62.50075293163182
494,17.125805139541626,62.49550851952675
495,17.15879797935486,62.49717780611997
496,17.19346809387207,62.49801075829596
497,17.226335048675537,62.49247885420991
498,17.25567603111267,55.56281784674913
499,17.300981044769287,55.495347151972084
500,17.335188150405884,55.49007776625187
501,17.367555141448975,55.488505557047546
502,17.401454210281372,55.48302340388116
503,17.436419248580933,55.55396056388459
504,17.471022129058838,55.549159769212
505,17.506030082702637,55.541497384721715
506,17.536344051361084,55.55043652792333
507,17.569842100143433,55.55928962052498
508,17.60144591331482,55.55984466161528
509,17.63617706298828,55.55314044600327
510,17.668763875961304,55.55629534980445
511,17.702558994293213,55.5516137116054
512,17.749284982681274,62.409160219019675
513,17.78269910812378,62.41423879318952
514,17.813944101333618,62.493518598100664
515,17.847262144088745,62.495218817711454
516,17.880733013153076,62.483438161891435
517,17.914345026016235,62.48587047842689
518,17.94643211364746,62.49594997507667
519,17.980057954788208,62.493982441941554
520,18.01206398010254,62.50793028650372
521,18.058780908584595,62.43083376069337
522,18.092252016067505,62.440508192882504
523,18.125384092330933,62.43568006820134
524,18.15959620475769,62.43409151165081
525,18.194561004638672,62.42978061440513
526,18.228463888168335,62.43726698438054
527,18.261454820632935,62.44210396189254
528,18.294814109802246,55.564320660656136
529,18.328771829605103,55.56093177698641
530,18.362508058547974,55.56372872629097
531,18.395328044891357,55.57362304722679
532,18.427178144454956,55.580643694546275
533,18.46060609817505,55.58981033373337
534,18.5075740814209,55.51413694612316
535,18.54185199737549,55.513420561440356
536,18.57283306121826,55.51307921370443
537,18.606313943862915,55.517449700333614
538,18.641322135925293,55.52189437192389
539,18.67584490776062,55.517097586607505
540,18.710139989852905,55.51342668430803
541,18.744983196258545,55.504315821015865
542,18.775880098342896,62.448725467065245
543,18.80936884880066,62.44621339950372
544,18.844969987869263,62.4437703967413
545,18.878787994384766,62.51950273551996
546,18.91172194480896,62.520239638579504
547,18.944855213165283,62.52919431237489
548,18.978034019470215,62.53111399803786
549,19.011850118637085,62.5370360732053
550,19.045250177383423,62.5430404413251
551,19.092103958129883,62.466306986589814
552,19.123270988464355,62.469213506401
553,19.159750938415527,62.457702723809575
554,19.193917989730835,62.455925321720834
555,19.22506809234619,62.45473527667174
556,19.262414932250977,62.44346223731306
557,19.295589923858643,62.43385056755511
558,19.329062938690186,62.43284894846332
559,19.362455129623413,55.490597777229475
560,19.39493680000305,55.56894615724282
561,19.42888307571411,55.56204960287766
562,19.46137809753418,55.56708114289121
563,19.49450397491455,55.57398968486449
564,19.528472185134888,55.57723901140461
565,19.562299966812134,55.570522928217834
566,19.595787048339844,55.57090179605556
567,19.642469882965088,55.49935071855412
568,19.67488121986389,55.49301748590241
569,19.71035099029541,62.42600713196226
570,19.74315595626831,62.43256671108669
571,19.776522159576416,62.43295736959737
572,19.80881404876709,62.44304218131519
573,19.844685077667236,62.43527388570324
574,19.87988591194153,62.49027188399828
575,19.912174940109253,62.483367487913206
576,19.946531057357788,62.490013264880616
577,19.978096961975098,62.49984057177927
578,20.011358976364136,62.507806078893125
579,20.044830083847046,62.51620155401436
580,20.07857322692871,62.51579604870378
581,20.112256050109863,62.51132203508463
582,20.15842604637146,62.426354693122434
583,20.191472053527832,62.418544103884685
584,20.226444005966187,62.49400140968011
585,20.259933948516846,62.48455172909234
586,20.292264938354492,62.48688759109839
587,20.327821969985962,62.489585685967974
588,20.362163066864014,62.48933914110949
589,20.396015882492065,62.484941314605805
590,20.42817997932434,62.49674323118981
591,20.46188497543335,55.541843678886075
592,20.494447946548462,55.54721025809597
593,20.527397871017456,55.55275262298943
594,20.57378602027893,55.47932948707248
595,20.60686182975769,55.48359374199067
596,20.640000104904175,62.42015423282621
597,20.675416231155396,62.413328957364904
598,20.708888053894043,62.41614110653883
599,20.742735862731934,62.48643247218261
600,20.7763409614563,62.49164604948108
601,20.809606075286865,62.496008606361045
602,20.84307599067688,62.5001527372755
603,20.876354217529297,62.49464804401757
604,20.908445119857788,62.510505980565185
605,20.941729068756104,62.507009091804015
606,20.974913120269775,62.506091374270724
607,21.021449089050293,62.42047076367017
608,21.087445974349976,62.18414844701626
609,21.120889902114868,62.18678972723302
610,21.15435290336609,62.1915486955538
611,21.184967041015625,62.201871688154355
612,21.219694137573242,62.20194001851455
613,21.25212597846985,62.19954171271142
614,21.287307024002075,62.28023751095749
615,21.32065200805664,62.28095850882349
616,21.354127883911133,62.28123595187999
617,21.387068033218384,62.288369827427374
618,21.43321704864502,62.204808320793774
619,21.46521306037903,62.21999474202836
620,21.499716997146606,62.22016053998249
621,21.533842086791992,62.22056221910184
622,21.568419933319092,62.214624733539445
623,21.60059404373169,62.22497761268147
624,21.63403820991516,62.22061862552111
625,21.66993999481201,62.21590989625939
626,21.701117992401123,62.22610421103229
627,21.734952926635742,62.213679694299486
628,21.768622159957886,62.28488746985201
629,21.80133295059204,62.28045671994395
630,21.83476209640503,62.2853893301308
631,21.88082218170166,62.20936500651367
632,21.911872148513794,62.21189564784789
633,21.94580316543579,62.220420348863044
634,21.97782802581787,62.22588880364099
635,22.01177716255188,62.23440879000195
636,22.04522204399109,62.22408012422156
637,22.07773494720459,62.22824810873367
638,22.12198305130005,62.15697012907677
639,22.154250144958496,62.23323230146447
640,22.190535068511963,62.47442593389499
641,22.224112033843994,62.47598035336329
642,22.255171060562134,62.477078144091145
643,22.292967081069946,62.47114329550755
644,22.356643199920654,62.22597599216734
645,22.389064073562622,62.227947201898786
646,22.42497491836548,62.22391772431409
647,22.457954168319702,62.217824066824996
648,22.492393016815186,62.21770100946036
649,22.52616310119629,62.214583718582226
650,22.55832004547119,62.304548282538946
651,22.591128826141357,62.30579088585131
652,22.638975143432617,62.21828724543662
653,22.670981884002686,62.22937482551493
654,22.70234203338623,62.234314737683604
655,22.73645305633545,62.24029874145353
656,22.770488023757935,62.23785985163921
657,22.806382179260254,62.23984720746285
658,22.839607000350952,62.239725773302965
659,22.873169898986816,62.237752107058895
660,22.90524196624756,62.2395376368079
661,22.93846607208252,62.245361843854546
662,22.971639156341553,62.23821045166503
663,23.01740002632141,62.163582481238315
664,23.051416873931885,62.162558805279595
665,23.083861112594604,62.164055089681575
666,23.117691040039062,62.2405416147188
667,23.153929948806763,62.22765313666721
668,23.18479013442993,62.23856276591389
669,23.21943998336792,62.24581003652069
670,23.251596212387085,62.26319873503335
671,23.283674001693726,62.27192069750406
672,23.31789493560791,62.26497716654463
673,23.35149121284485,62.26811834043887
674,23.385091066360474,62.26406654214536
675,23.41873788833618,62.253873475003886
676,23.466313123703003,62.17248647160999
677,23.530039072036743,61.941879779393105
678,23.56527018547058,61.937065786804546
679,23.598628997802734,61.93360227544837
680,23.63268804550171,61.92780070337573
681,23.666718006134033,62.00040196220186
682,23.701812982559204,62.00049530884166
683,23.735110998153687,62.00238606310509
684,23.766618967056274,62.01366509336518
685,23.799741983413696,62.022064218727635
686,23.834282159805298,62.01818193019915
687,23.866904258728027,62.03360016617345
688,23.90077304840088,62.02696447617337
689,23.947442054748535,61.941103934089185
690,24.012567043304443,61.70585710085061
691,24.047126054763794,61.70218574984846
692,24.078706979751587,61.71022496377979
693,24.112491130828857,61.711272468559706
694,24.144663095474243,61.71816536515093
695,24.178689002990723,61.796717461267654
696,24.211397886276245,61.79877622866083
697,24.244770050048828,61.80523669155668
698,24.292065143585205,61.72698257968068
699,24.3610200881958,61.48638666176895
700,24.427860021591187,61.24359817348981
701,24.46143102645874,61.241091049408126
702,24.4966459274292,61.23198002791948
703,24.53049921989441,61.223719041352055
704,24.563489198684692,61.230563038340094
705,24.595310926437378,61.241562982445544
706,24.629312992095947,61.23812383358084
707,24.66257405281067,61.24493130522267
708,24.695260047912598,61.2465791693707
709,24.72856879234314,61.2503091351175
710,24.76193904876709,61.32790488738844
711,24.79574990272522,61.315336792193605
712,24.84364914894104,61.22748925718945
713,24.908037900924683,60.99367435369786
714,24.943974018096924,60.991504635671134
715,24.977642059326172,60.99766434411742
716,25.010688066482544,61.009849447431584
717,25.043304920196533,61.01930874527574
718,25.074753046035767,61.03065061902915
719,25.10760807991028,61.26607706800221
720,25.14113998413086,61.27713122302617
721,25.18695092201233,61.19910819780992
722,25.250545024871826,60.97913641389964
723,25.28482699394226,60.979264471214
724,25.31807017326355,61.054217637188984
725,25.353304862976074,61.038407217746325
726,25.386455059051514,61.031217987852195
727,25.420228958129883,61.03273595688751
728,25.452970027923584,61.03709951045799
729,25.488056898117065,61.031982719044045
730,25.521393060684204,61.03325237960182
731,25.555826902389526,61.0322113198306
732,25.589107036590576,61.039131004359625
733,25.62322425842285,61.030596349520586
734,25.655587911605835,61.032375781887296
735,25.700284957885742,61.029134398171564
736,25.736613988876343,61.01870872006751
737,25.768789052963257,61.029864542846084
738,25.803330183029175,61.02635375938968
739,25.83845090866089,61.02132754686291
740,25.87244200706482,61.01704515024597
741,25.906995058059692,61.01949450889678
742,25.9742648601532,60.791060703986744
743,26.006026029586792,60.79679647866048
744,26.042505025863647,60.78507968050185
745,26.076884984970093,60.78794115809387
746,26.111593008041382,60.7783332718821
747,26.145347118377686,60.756170056017716
748,26.209584951400757,60.60932636164481
749,26.241050958633423,60.62392214953234
750,26.286712169647217,60.553807575799674
751,26.320713996887207,60.5513614647536
752,26.353907108306885,60.553491885239566
753,26.387728929519653,60.55987594996961
754,26.42100691795349,60.56692702403598
755,26.45413899421692,60.56167014197119
756,26.486664056777954,60.557018092903945
757,26.518453121185303,60.56120862936011
758,26.562844038009644,60.49660804326799
759,26.595776081085205,60.490374630902885
760,26.630008220672607,60.496549871740356
761,26.661618947982788,60.58083641211529
762,26.69559407234192,60.57439284640874
763,26.728034019470215,60.57056170527058
764,26.76236081123352,60.56855642165995
765,26.794432163238525,60.57563867916936
766,26.840165853500366,60.50651984256879
767,26.874075889587402,60.49871683667821
768,26.90881586074829,60.49501806177302
769,26.943498134613037,60.47895165879693
770,27.007241010665894,60.329877234577616
771,27.04452109336853,60.31667072785885
772,27.1125431060791,60.08721134987536
773,27.146883964538574,60.083395361899974
774,27.17966103553772,60.09076954975383
775,27.2132511138916,60.09402044209666
776,27.2470920085907,60.089119525638225
777,27.280065059661865,60.092228342194915
778,27.31224513053894,60.107512453950534
779,27.344999074935913,60.11343426570932
780,27.37839913368225,60.110028124207886
781,27.422429084777832,60.03271296039146
782,27.454792022705078,60.04038188870145
783,27.490128993988037,60.1108720455446
784,27.52399206161499,60.11398949538549
785,27.558536052703857,60.108555705724356
786,27.5922372341156,60.10661120290466
787,27.62618613243103,60.1086434426161
788,27.65773606300354,60.11539676136765
789,27.690792083740234,60.124919077511095
790,27.73588514328003,60.06196374671066
791,27.8032488822937,59.832860224041276
792,27.8364679813385,59.830095857626965
793,27.86956024169922,59.8378869993016
794,27.903631925582886,59.84150743294719
795,27.934427976608276,59.845578967894745
796,27.968398809432983,59.84166079723175
797,28.00208806991577,59.83785854347979
798,28.037485122680664,59.83473805257745
799,28.073211908340454,59.827257471591665
800,28.105590105056763,59.89923738180314
801,28.1389799118042,59.89992648327102
802,28.173480987548828,59.90147583136511
803,28.205538034439087,59.910540648441035
804,28.250831842422485,59.837939168378554
805,28.283421993255615,59.8516991713235
806,28.316577196121216,59.8570217610684
807,28.35075807571411,59.85634471939555
808,28.384953022003174,59.85479295969902
809,28.419389963150024,59.8441795623302
810,28.453376054763794,59.84221734226873
811,28.48507809638977,59.84292568728797
812,28.521101236343384,59.8384371505097
813,28.555498123168945,59.83410735459508
814,28.619177103042603,59.624498397047645
815,28.665776014328003,59.554157129794234
816,28.730070114135742,59.4087241209621
817,28.76278519630432,59.413070494748816
818,28.79628086090088,59.41875805180644
819,28.83125400543213,59.413215436778486
820,28.863924026489258,59.4215624852425
821,28.89743208885193,59.41569982193844
822,28.929880142211914,59.4269975105945
823,28.962403059005737,59.44360029372683
824,28.99603581428528,59.442313226916575
825,29.04293417930603,59.372967439954024
826,29.0746488571167,59.36551473092525
827,29.109689950942993,59.36092171911421
828,29.144309997558594,59.35810745026325
829,29.213063955307007,59.130200864577745
830,29.246365070343018,59.12602079989926
831,29.279237031936646,59.20042406173988
832,29.31256890296936,59.20138035580672
833,29.345358848571777,59.206118954695995
834,29.378435850143433,59.20937698800833
835,29.411185026168823,59.21379331764738
836,29.456054210662842,59.15897567701096
837,29.4899799823761,59.16193799370528
838,29.5254008769989,59.15847812344174
839,29.592193126678467,58.93121118361902
840,29.623653888702393,58.94053226826351
841,29.65727996826172,58.93983745592051
842,29.691375017166138,58.932598884536375
843,29.726531267166138,58.994283353691166
844,29.759867906570435,58.99456148303906
845,29.7929790019989,58.99430947622551
846,29.826937913894653,58.99688189085165
847,29.86062002182007,58.99034679854137
848,29.894141912460327,58.9942142059178
849,29.93952703475952,58.93280436182925
850,30.004886150360107,58.71648313975559
851,30.040688037872314,58.711606475663764
852,30.07258701324463,58.70962194792087
853,30.109083890914917,58.700959472744586
854,30.142527103424072,58.694273784085375
855,30.177048921585083,58.69204708052743
856,30.246567010879517,58.53756935189685
857,30.314252138137817,58.52915721781057
858,30.38106083869934,58.31452405966613
859,30.41281795501709,58.31937252124712
860,30.444568157196045,58.31801805411207
861,30.478328227996826,58.321231637338045
862,30.523502826690674,58.252144142903134
863,30.55815887451172,58.251706671412
864,30.5901460647583,58.254393029856104
865,30.624086141586304,58.25273593842462
866,30.660728216171265,58.24157774799972
867,30.729748964309692,58.09260137350898
868,30.79584312438965,57.87032820703441
869,30.829389095306396,57.879328522109574
870,30.86171817779541,57.88586829831394
871,30.89535403251648,57.8931213230726
872,30.927973985671997,57.88798394601275
873,30.96123695373535,57.88925044967908
874,30.99485492706299,57.89724283330833
875,31.028661012649536,57.88798838459705
876,31.074790000915527,57.82419049932822
877,31.10925817489624,57.82066243202718
